Lady Gaga,Rihanna
Lady Gaga,Muse
Lady Gaga,Paramore
Radiohead,Oasis
Radiohead,The Cure
Radiohead,The Smiths
Radiohead,Placebo
Radiohead,The Beatles
Radiohead,Nirvana
Radiohead,Pink Floyd
Radiohead,Arctic Monkeys
Radiohead,Muse
Radiohead,The Strokes
Radiohead,Coldplay
Radiohead,The Killers
Radiohead,David Bowie
Radiohead,Death Cab for Cutie
Red Hot Chili Peppers,Nirvana
Red Hot Chili Peppers,Muse
Red Hot Chili Peppers,Coldplay
Oasis,Radiohead
Oasis,Arctic Monkeys
Oasis,Muse
Oasis,The Killers
The Cure,Radiohead
The Cure,The Smiths
The Smiths,Radiohead
The Smiths,The Cure
Placebo,Radiohead
Placebo,Muse
Foo Fighters,Muse
Rihanna,Lady Gaga
The Beatles,Radiohead
The Beatles,Nirvana
The Beatles,Pink Floyd
The Beatles,Arctic Monkeys
The Beatles,Muse
The Beatles,Coldplay
The Beatles,The Killers
The Beatles,Queen
Franz Ferdinand,Muse
Nirvana,Radiohead
Nirvana,Red Hot Chili Peppers
Nirvana,The Beatles
Nirvana,Arctic Monkeys
Nirvana,Muse
Nirvana,Coldplay
Pink Floyd,Radiohead
Pink Floyd,The Beatles
Pink Floyd,Muse
Pink Floyd,Led Zeppelin
Kings of Leon,Muse
Kings of Leon,Coldplay
Arctic Monkeys,Radiohead
Arctic Monkeys,Oasis
Arctic Monkeys,The Beatles
Arctic Monkeys,Nirvana
Arctic Monkeys,Muse
Arctic Monkeys,The Strokes
Arctic Monkeys,Coldplay
Arctic Monkeys,The Killers
Metallica,Muse
Green Day,Muse
Muse,Lady Gaga
Muse,Radiohead
Muse,Red Hot Chili Peppers
Muse,Oasis
Muse,Placebo
Muse,Foo Fighters
Muse,The Beatles
Muse,Franz Ferdinand
Muse,Nirvana
Muse,Pink Floyd
Muse,Kings of Leon
Muse,Arctic Monkeys
Muse,Metallica
Muse,Green Day
Muse,The Strokes
Muse,Coldplay
Muse,The Killers
Muse,MGMT
Muse,Death Cab for Cutie
Muse,Paramore
Muse,System of a Down
The Strokes,Radiohead
The Strokes,Arctic Monkeys
The Strokes,Muse
The Strokes,The Killers
Coldplay,Radiohead
Coldplay,Red Hot Chili Peppers
Coldplay,The Beatles
Coldplay,Nirvana
Coldplay,Kings of Leon
Coldplay,Arctic Monkeys
Coldplay,Muse
Coldplay,The Killers
Led Zeppelin,Pink Floyd
The Killers,Radiohead
The Killers,Oasis
The Killers,The Beatles
The Killers,Arctic Monkeys
The Killers,Muse
The Killers,The Strokes
The Killers,Coldplay
MGMT,Muse
David Bowie,Radiohead
Death Cab for Cutie,Radiohead
Death Cab for Cutie,Muse
Paramore,Lady Gaga
Paramore,Muse
System of a Down,Muse
Queen,The Beatles
